requirement,specification,acceptance,backlog
MVP-001,Docs/Specifications/HUNT.md;Docs/Specifications/ECONOMY.md,TC-001;TC-027,DEV-005;DEV-008
MVP-002,Docs/Specifications/NETWORK.md,TC-002;TC-003;TC-026,DEV-006;DEV-012
MVP-003,Docs/Specifications/HUNT.md,TC-004,DEV-002
MVP-004,Docs/Specifications/HUNT.md,TC-005;TC-007,DEV-004
MVP-005,Docs/Specifications/HUNT.md,TC-006,DEV-003;DEV-009
MVP-006,Docs/Specifications/HUNT.md;Docs/Specifications/ECONOMY.md,TC-006;TC-009,DEV-005;DEV-009
MVP-007,Docs/Specifications/ECONOMY.md;Docs/Specifications/NETWORK.md,TC-009;TC-011;TC-022,DEV-007
MVP-008,Docs/Specifications/ECONOMY.md;Docs/Specifications/NETWORK.md,TC-011;TC-012;TC-018,DEV-007
MVP-009,Docs/Specifications/ECONOMY.md,TC-012;TC-013,DEV-008
MVP-010,Docs/Specifications/ECONOMY.md;Docs/Specifications/HUNT.md,TC-013,DEV-008;DEV-009
MVP-011,Docs/Specifications/ECONOMY.md;Docs/Specifications/HUNT.md,TC-014,DEV-008
MVP-012,Docs/Specifications/HUNT.md;Docs/Specifications/ECONOMY.md,TC-010,DEV-008
MVP-013,Docs/Specifications/CHANCE.md,TC-015;TC-016;TC-017;TC-018;TC-022;TC-023,DEV-010
MVP-014,Docs/Specifications/CHANCE.md,TC-019;TC-020;TC-021;TC-022;TC-023,DEV-011
MVP-015,Docs/Specifications/ECONOMY.md;Docs/Specifications/CHANCE.md,TC-013;TC-027,DEV-008;DEV-014
MVP-016,Docs/Specifications/ECONOMY.md;Docs/Specifications/CHANCE.md,TC-023;TC-024,DEV-007;DEV-010;DEV-011
MVP-017,Docs/Specifications/NETWORK.md;Docs/Specifications/CHANCE.md,TC-007;TC-022;TC-025;TC-026,DEV-006;DEV-010;DEV-012
MVP-018,Docs/Specifications/HUNT.md;Docs/UNITY-PLAN.md,TC-004;TC-006;TC-028;TC-029,DEV-013
MVP-019,Docs/ACCEPTANCE.md,TC-026;TC-028;TC-029,DEV-014
MVP-020,Docs/UNITY-PLAN.md;Docs/BACKLOG.md,TC-030,DEV-001;DEV-014
